Date,Open,High,Low,Close,Volume,Adj Close
2017-12-29,16.43,16.43,15.79,15.95,12432110.0,15.95
2017-12-28,16.29,16.77,15.48,16.43,19792665.0,16.43
2017-12-27,16.32,17.04,16.11,16.36,19186192.0,16.36
2017-12-26,16.29,16.51,16.09,16.25,15147101.0,16.25
2017-12-25,15.73,16.68,15.33,16.63,25931591.0,16.63
2017-12-22,15.71,15.98,15.48,15.72,11451643.0,15.72
2017-12-21,16.11,16.16,15.49,15.74,14703200.0,15.74
2017-12-20,16.14,16.39,15.88,16.19,16223188.0,16.19
2017-12-19,16.56,16.63,15.89,16.3,22189603.0,16.3
2017-12-18,15.4,17.02,15.4,16.68,32612766.0,16.68
2017-12-15,14.15,15.66,13.93,15.66,26177598.0,15.66
2017-12-14,13.62,14.56,13.62,14.23,15815594.0,14.23
2017-12-13,13.25,13.47,13.22,13.4,2692198.0,13.4
2017-12-12,13.55,13.55,13.15,13.31,3656267.0,13.31
2017-12-11,13.4,13.55,13.33,13.51,3854151.0,13.51
2017-12-08,13.32,13.47,13.25,13.4,4854369.0,13.4
2017-12-07,13.16,13.85,13.04,13.51,8921661.0,13.51
2017-12-06,13.08,13.25,12.89,13.18,5848643.0,13.18
2017-12-05,13.83,13.85,13.14,13.24,6732474.0,13.24
2017-12-04,14.22,14.35,13.77,13.91,4789142.0,13.91
2017-12-01,14.0,14.3,14.0,14.23,3325125.0,14.23
2017-11-30,14.27,14.32,14.07,14.12,4918168.0,14.12
2017-11-29,14.19,14.54,14.19,14.39,6425368.0,14.39
2017-11-28,13.92,14.46,13.86,14.35,6752252.0,14.35
2017-11-27,13.95,14.04,13.8,13.89,3539855.0,13.89
2017-11-24,13.73,14.15,13.58,14.05,5218767.0,14.05
2017-11-23,14.23,14.44,13.87,13.94,6418145.0,13.94
2017-11-22,14.14,14.38,13.9,14.32,9261782.0,14.32
2017-11-21,14.56,14.67,14.38,14.6,6554640.0,14.6
2017-11-20,15.49,15.54,14.27,14.76,8845343.0,14.76
2017-11-17,16.19,16.49,15.19,15.38,9850779.0,15.38
2017-11-16,16.75,16.88,16.39,16.39,7184240.0,16.39
2017-11-15,16.68,17.03,16.68,16.89,8565064.0,16.89
2017-11-14,16.62,16.77,16.55,16.61,4574216.0,16.61
2017-11-13,16.8,16.88,16.57,16.67,5611544.0,16.67
2017-11-10,17.13,17.23,16.92,16.97,4822401.0,16.97
2017-11-09,16.95,17.21,16.95,17.12,5918840.0,17.12
2017-11-08,16.77,17.03,16.68,16.95,5920016.0,16.95
2017-11-07,16.84,17.24,16.8,16.92,6501541.0,16.92
2017-11-06,16.78,16.86,16.44,16.72,5079733.0,16.72
2017-11-03,17.37,17.44,16.89,16.95,6381201.0,16.95
2017-11-02,17.34,17.82,17.21,17.43,6808238.0,17.43
2017-11-01,17.14,17.36,17.14,17.35,4303211.0,17.35
2017-10-31,17.09,17.27,17.01,17.26,4489329.0,17.26
2017-10-30,17.97,17.97,17.1,17.14,9232731.0,17.14
2017-10-27,18.38,18.42,18.01,18.08,6700350.0,18.08
2017-10-26,18.54,18.63,18.41,18.5,5160905.0,18.5
2017-10-25,18.48,18.77,18.41,18.55,6279741.0,18.55
2017-10-24,18.18,18.79,18.12,18.67,12271939.0,18.67
2017-10-23,17.98,18.25,17.83,18.23,6495850.0,18.23
2017-10-20,18.0,18.06,17.87,18.05,5300441.0,18.05
2017-10-19,18.55,18.58,17.81,17.93,11185747.0,17.93
2017-10-18,18.69,18.93,18.48,18.56,8898691.0,18.56
2017-10-17,19.15,19.44,18.4,18.77,20809112.0,18.77
2017-10-16,20.9,20.9,20.18,20.38,13157614.0,20.38
2017-10-13,21.1,21.11,20.95,21.02,5627330.0,21.02
2017-10-12,21.11,21.19,20.84,21.09,7323757.0,21.09
2017-10-11,21.35,21.35,21.01,21.07,7687927.0,21.07
2017-10-10,21.08,21.28,21.04,21.26,8321819.0,21.26
2017-10-09,20.96,21.13,20.8,21.06,8358501.0,21.06
2017-09-29,20.79,20.97,20.67,20.96,9600589.0,20.96
2017-09-28,21.11,21.21,20.78,20.8,11210719.0,20.8
2017-09-27,21.2,21.35,20.92,21.3,11336402.0,21.3
2017-09-26,21.59,21.79,21.37,21.49,11209693.0,21.49
2017-09-25,21.51,21.51,21.14,21.35,10524384.0,21.35
2017-09-22,21.31,21.7,21.27,21.57,12091492.0,21.57
2017-09-21,22.11,22.11,21.36,21.45,25800955.0,21.45
2017-09-20,22.21,22.6,21.92,22.45,19185021.0,22.45
2017-09-19,22.7,22.85,22.02,22.22,24473927.0,22.22
2017-09-18,23.03,23.32,22.32,22.62,30846865.0,22.62
2017-09-15,24.14,25.25,23.75,23.75,45213123.0,23.75
2017-04-14,25.56,27.05,25.07,26.39,49511625.0,26.39
2017-04-13,25.66,25.75,24.67,25.33,31641800.0,25.33
2017-04-12,25.61,25.95,24.78,25.12,45028673.0,25.12
2017-04-11,22.87,25.77,22.67,24.73,53711455.0,24.73
2017-04-10,22.56,23.81,22.44,23.44,37796533.0,23.44
2017-04-07,21.67,23.73,21.67,23.73,30815690.0,23.73
2017-04-06,21.65,21.71,21.47,21.57,6374833.0,21.57
2017-04-05,21.4,21.65,21.21,21.61,7156412.0,21.61
2017-03-31,21.0,21.53,20.97,21.48,7052043.0,21.48
2017-03-30,21.73,21.82,21.06,21.26,10667515.0,21.26
2017-03-29,22.08,22.16,21.63,21.91,13216109.0,21.91
2017-03-28,22.05,22.52,21.95,22.23,18306367.0,22.23
2017-03-27,21.57,22.51,21.45,22.41,25272868.0,22.41
2017-03-24,21.45,21.53,21.28,21.4,9144551.0,21.4
2017-03-23,21.2,22.22,20.95,21.7,17620928.0,21.7
2017-03-22,21.15,21.36,21.11,21.27,8937256.0,21.27
2017-03-21,21.16,21.16,20.85,20.95,4608384.0,20.95
2017-03-20,21.19,21.24,21.01,21.12,3758470.0,21.12
2017-03-17,21.38,21.45,21.06,21.1,8167470.0,21.1
2017-03-16,21.6,21.82,21.27,21.36,9551712.0,21.36
2017-03-15,21.15,21.46,21.07,21.3,5345485.0,21.3
2017-03-14,21.37,21.37,21.08,21.2,4899613.0,21.2
2017-03-13,20.93,21.46,20.83,21.37,9316661.0,21.37
2017-03-10,20.7,20.93,20.69,20.89,3807950.0,20.89
2017-03-09,20.69,20.9,20.58,20.85,7079217.0,20.85
2017-03-08,21.2,21.33,21.1,21.22,4708493.0,21.22
2017-03-07,21.16,21.45,21.07,21.34,5684559.0,21.34
2017-03-06,21.15,21.3,21.06,21.27,4386598.0,21.27
2017-03-03,21.35,21.46,21.15,21.19,8950993.0,21.19
2017-03-02,21.96,22.1,21.75,21.77,5684600.0,21.77
2017-03-01,21.98,22.11,21.82,22.1,6020466.0,22.1
2017-02-28,22.34,22.34,22.0,22.17,5679361.0,22.17
2017-02-27,22.41,22.72,22.29,22.47,11353493.0,22.47
2017-02-24,22.41,22.48,22.05,22.27,9647366.0,22.27
2017-02-23,21.91,22.26,21.67,22.12,9674867.0,22.12
2017-02-22,21.7,22.04,21.7,21.86,5558592.0,21.86
2017-02-21,21.5,21.79,21.41,21.77,4877027.0,21.77
2017-02-20,21.6,21.71,21.33,21.55,4199652.0,21.55
2017-02-17,21.95,21.96,21.66,21.73,4426258.0,21.73
2017-02-16,21.84,22.02,21.73,21.77,4860332.0,21.77
2017-02-15,21.88,21.89,21.62,21.68,4880007.0,21.68
2017-02-14,21.93,22.02,21.77,21.98,4426569.0,21.98
2017-02-13,21.86,22.05,21.86,22.05,4662462.0,22.05
2017-02-10,21.93,22.02,21.66,21.95,6839356.0,21.95
2017-02-09,22.36,22.4,22.08,22.22,5314301.0,22.22
2017-02-08,22.16,22.4,22.09,22.2,6482396.0,22.2
2017-02-07,22.36,22.52,21.96,22.41,11604538.0,22.41
2017-02-06,21.91,22.16,21.91,22.15,7040918.0,22.15
2017-02-03,21.89,22.41,21.63,21.75,11137822.0,21.75
2017-01-26,20.86,21.31,20.74,21.29,3587290.0,21.29
2017-01-25,20.83,21.11,20.73,20.86,3171869.0,20.86
2017-01-24,21.21,21.35,20.91,20.94,3531333.0,20.94
2017-01-23,21.01,21.41,20.95,21.22,5384718.0,21.22
2017-01-20,20.75,20.98,20.68,20.9,3785337.0,20.9
2017-01-19,21.03,21.03,20.43,20.73,5951969.0,20.73
2017-01-18,21.32,21.53,21.16,21.36,6093491.0,21.36
2017-01-17,20.96,21.34,20.67,21.21,5049280.0,21.21
2017-01-16,21.61,21.73,20.35,20.96,6719140.0,20.96
2017-01-13,22.32,22.34,21.63,21.75,6549987.0,21.75
2017-01-12,22.16,22.4,22.16,22.39,5476325.0,22.39
2017-01-11,22.21,22.28,22.05,22.08,3896610.0,22.08
2017-01-10,22.31,22.41,22.12,22.26,4968394.0,22.26
2017-01-09,22.38,22.55,22.0,22.11,6512425.0,22.11
2017-01-06,22.96,23.03,22.46,22.46,6422940.0,22.46
2017-01-05,22.72,23.04,22.61,22.87,8206701.0,22.87
2017-01-04,22.51,22.6,22.32,22.55,4738500.0,22.55
2017-01-03,22.25,22.51,22.25,22.48,3714961.0,22.48
2016-12-30,23.02,23.11,22.38,22.42,6738544.0,22.42
2016-12-29,22.65,22.76,22.51,22.68,10144440.0,22.68
2016-12-28,22.18,22.52,22.18,22.41,8141995.0,22.41
2016-12-27,21.77,22.21,21.77,22.14,5372060.0,22.14
2016-12-26,22.07,22.21,21.3,22.0,6852103.0,22.0
2016-12-23,22.0,22.21,22.0,22.05,4557301.0,22.05
2016-12-22,22.19,22.24,22.0,22.05,4071533.0,22.05
2016-12-21,22.0,22.29,21.95,22.27,4755006.0,22.27
2016-12-20,22.36,22.38,22.0,22.08,5356320.0,22.08
2016-12-19,22.32,22.43,22.14,22.39,6079115.0,22.39
2016-12-16,22.05,22.23,21.86,22.21,7143451.0,22.21
2016-12-15,22.23,22.6,22.12,22.33,10903635.0,22.33
2016-12-14,22.14,23.05,21.95,22.92,12723280.0,22.92
2016-12-13,22.23,22.41,21.86,22.26,7016046.0,22.26
2016-12-12,23.26,23.63,22.11,22.18,11507087.0,22.18
2016-12-09,23.56,23.8,23.38,23.55,6651324.0,23.55
2016-12-08,23.8,24.09,23.68,23.79,7596309.0,23.79
2016-12-07,23.56,23.66,23.3,23.65,5959032.0,23.65
2016-12-06,23.91,24.06,23.56,23.57,9601808.0,23.57
2016-12-05,24.66,24.72,23.94,23.97,10803895.0,23.97
2016-12-02,24.62,24.98,24.32,24.9,17499400.0,24.9
2016-12-01,24.06,24.75,23.93,24.68,10213536.0,24.68
2016-11-30,24.46,24.76,24.35,24.48,8714045.0,24.48
2016-11-29,24.56,24.83,24.37,24.66,11404705.0,24.66
2016-11-28,24.35,24.86,24.35,24.57,13411508.0,24.57
2016-11-25,24.15,24.21,23.87,24.12,9436763.0,24.12
2016-11-24,24.19,24.59,24.07,24.34,11654046.0,24.34
2016-11-23,24.75,25.01,24.55,24.89,12517077.0,24.89
2016-11-22,24.84,24.89,24.66,24.81,9737415.0,24.81
2016-11-21,24.52,24.82,24.44,24.77,10796247.0,24.77
2016-11-18,25.12,25.12,24.38,24.54,18819689.0,24.54
2016-11-17,25.31,25.54,25.16,25.32,10028682.0,25.32
2016-11-16,25.56,25.64,25.17,25.39,15024213.0,25.39
2016-11-15,25.53,25.95,25.44,25.55,17229108.0,25.55
2016-11-14,25.26,25.59,25.09,25.44,24725838.0,25.44
2016-11-11,26.25,26.42,25.73,26.27,20805732.0,26.27
2016-11-10,26.23,26.99,26.23,26.8,28390834.0,26.8
2016-11-09,25.22,28.05,25.22,28.05,53022361.0,28.05
2016-11-08,25.07,25.53,25.07,25.5,11198168.0,25.5
2016-11-07,25.56,25.73,25.2,25.63,12623737.0,25.63
2016-11-04,26.16,26.35,25.79,25.89,12958682.0,25.89
2016-11-03,26.68,26.93,26.05,26.38,22364312.0,26.38
2016-11-02,25.66,27.14,25.43,26.6,35261158.0,26.6
2016-11-01,24.96,25.3,24.56,25.22,14451060.0,25.22
2016-10-31,24.83,25.14,24.59,24.97,14203148.0,24.97
2016-10-28,24.49,24.91,24.37,24.44,7614362.0,24.44
2016-10-27,24.61,24.76,24.42,24.63,7639171.0,24.63
2016-10-26,25.31,25.43,24.86,24.98,13845460.0,24.98
2016-10-25,24.65,25.18,24.47,25.05,13466390.0,25.05
2016-10-24,24.41,24.66,24.18,24.65,7912407.0,24.65
2016-10-21,24.57,24.76,24.26,24.54,10192165.0,24.54
2016-10-20,25.07,25.17,24.76,24.84,10602032.0,24.84
2016-10-19,24.94,25.2,24.7,24.96,12559737.0,24.96
2016-10-18,24.48,25.06,24.47,24.97,18593809.0,24.97
2016-10-17,23.22,25.33,23.12,24.96,20955339.0,24.96
2016-10-14,23.18,23.26,22.98,23.21,5291463.0,23.21
2016-10-13,23.11,23.53,23.11,23.28,7589315.0,23.28
2016-10-12,23.14,23.31,23.07,23.13,5322149.0,23.13
2016-10-11,23.0,23.52,22.91,23.37,9820838.0,23.37
2016-10-10,22.51,23.25,22.47,23.2,12616778.0,23.2
2016-09-30,23.44,23.76,23.39,23.75,5317082.0,23.75
2016-09-29,23.56,23.59,23.32,23.36,4120411.0,23.36
2016-09-28,23.61,23.63,23.38,23.44,4444391.0,23.44
2016-09-27,23.62,23.89,23.57,23.84,5347925.0,23.84
2016-09-26,24.39,24.42,23.56,23.6,7563017.0,23.6
2016-09-23,25.15,25.31,24.32,24.36,8292297.0,24.36
2016-09-22,25.61,25.75,25.08,25.14,9132438.0,25.14
2016-09-21,25.01,25.28,24.62,25.25,9412072.0,25.25
2016-09-20,24.86,25.16,24.76,24.89,5318136.0,24.89
2016-09-19,24.3,25.11,24.16,24.97,7269732.0,24.97
2016-09-14,24.08,24.91,23.84,24.73,10385855.0,24.73
2016-09-13,24.56,24.91,24.4,24.5,7408923.0,24.5
2016-09-12,25.06,25.06,24.31,24.4,11476430.0,24.4
2016-09-09,26.17,26.25,25.77,25.82,11235187.0,25.82
2016-09-08,26.47,26.47,26.2,26.4,8093291.0,26.4
2016-09-07,27.02,27.16,26.63,26.69,14716017.0,26.69
2016-09-06,26.67,26.68,26.1,26.48,8726082.0,26.48
2016-09-05,26.96,26.97,26.49,26.66,10267661.0,26.66
2016-09-02,26.73,27.0,26.21,26.26,10878604.0,26.26
2016-09-01,26.69,27.13,26.57,26.59,12241924.0,26.59
2016-08-31,26.22,26.92,26.11,26.82,10441633.0,26.82
2016-08-30,26.52,26.66,26.37,26.45,5364553.0,26.45
2016-08-29,26.15,26.52,26.12,26.39,6713075.0,26.39
2016-08-26,26.5,26.76,26.44,26.54,6501915.0,26.54
2016-08-25,26.09,26.7,26.09,26.52,9522477.0,26.52
2016-08-24,26.93,27.33,26.93,26.96,8729034.0,26.96
2016-08-23,26.86,27.27,26.54,27.21,11981898.0,27.21
2016-08-22,27.07,27.07,26.78,26.88,9599701.0,26.88
2016-08-19,27.55,27.87,27.28,27.55,11333140.0,27.55
2016-08-18,27.98,28.55,27.78,27.91,19276722.0,27.91
2016-08-17,27.62,27.94,27.33,27.76,17141072.0,27.76
2016-08-16,27.18,28.35,27.08,28.12,29292279.0,28.12
2016-08-15,26.58,27.39,26.52,27.15,15968541.0,27.15
2016-08-12,26.65,26.91,26.47,26.85,9705621.0,26.85
2016-08-11,27.13,27.23,26.73,26.93,15868036.0,26.93
2016-08-10,27.03,27.89,26.9,27.7,25010136.0,27.7
2016-08-09,26.47,26.75,26.37,26.67,11133274.0,26.67
2016-08-08,27.04,27.23,26.28,26.53,24729572.0,26.53
2016-08-05,27.8,28.23,27.37,28.19,18750165.0,28.19
2016-08-04,27.57,27.86,27.29,27.65,18179522.0,27.65
2016-08-03,28.72,28.87,28.17,28.24,17838728.0,28.24
2016-08-02,27.87,28.32,27.39,28.1,17125494.0,28.1
2016-08-01,28.92,29.22,28.16,28.29,24286090.0,28.29
2016-07-29,28.76,29.53,28.17,28.18,24085435.0,28.18
2016-07-28,29.79,30.08,29.07,29.09,42771475.0,29.09
2016-07-27,28.47,29.62,26.77,29.39,43647530.0,29.39
2016-07-26,27.96,29.02,27.73,28.83,35365994.0,28.83
2016-07-25,27.75,27.99,27.17,27.44,21120388.0,27.44
2016-07-22,28.88,29.36,27.97,28.56,29462939.0,28.56
2016-07-21,28.24,28.63,27.88,28.24,24081296.0,28.24
2016-07-20,30.71,30.86,28.8,28.85,34929956.0,28.85
2016-07-19,29.88,30.73,29.45,30.54,28715208.0,30.54
2016-07-18,28.48,31.36,28.25,30.27,48542993.0,30.27
2016-07-15,27.07,29.88,26.58,28.82,44483641.0,28.82
2016-07-14,28.14,28.55,27.34,27.38,23571460.0,27.38
2016-07-13,27.06,28.39,26.82,28.35,28531712.0,28.35
2016-07-12,27.73,28.57,27.47,28.25,29506291.0,28.25
2016-07-11,27.87,29.95,27.87,28.53,54560688.0,28.53
2016-07-08,27.47,28.01,27.08,27.36,38140786.0,27.36
2016-07-07,27.07,29.47,26.46,28.26,71067546.0,28.26
2016-07-06,24.91,26.8,24.74,26.8,54286456.0,26.8
2016-07-05,24.07,24.51,23.59,24.36,25045144.0,24.36
2016-07-04,24.43,25.25,23.98,24.44,37997442.0,24.44
2016-07-01,23.52,24.51,23.39,23.87,28267612.0,23.87
2016-06-30,23.71,23.9,23.16,23.27,19535674.0,23.27
2016-06-29,23.74,24.62,23.64,24.03,28576672.0,24.03
2016-06-28,23.76,24.94,23.16,24.22,38942460.0,24.22
2016-06-27,23.73,24.56,23.36,23.73,44727178.0,23.73
2016-06-24,21.86,23.66,21.5,23.66,54580405.0,23.66
2016-06-23,21.55,21.73,21.16,21.5,10764135.0,21.5
2016-06-22,21.18,21.7,21.02,21.55,12142947.0,21.55
2016-06-21,22.03,22.19,21.32,21.48,18470687.0,21.48
2016-06-20,22.47,22.49,21.95,22.2,14738120.0,22.2
2016-06-17,22.43,22.93,22.37,22.45,27179038.0,22.45
2016-06-16,22.52,23.8,22.22,23.38,39293106.0,23.38
2016-06-15,21.4,22.58,20.97,22.29,29047803.0,22.29
2016-06-14,21.91,22.05,21.11,21.35,21195639.0,21.35
2016-06-13,21.37,22.62,21.16,22.01,35910362.0,22.01
2016-06-08,20.82,21.12,20.73,20.97,11452542.0,20.97
2016-06-07,21.09,21.1,20.7,20.75,12087682.0,20.75
2016-06-06,21.72,21.97,21.13,21.17,23427000.0,21.17
2016-06-03,20.56,20.7,20.25,20.56,13508137.0,20.56
2016-06-02,20.08,21.01,20.02,20.77,19204666.0,20.77
2016-06-01,20.2,20.28,20.02,20.23,12666406.0,20.23
2016-05-31,19.65,20.16,19.55,20.11,13136084.0,20.11
2016-05-30,19.65,19.7,19.28,19.47,6888910.0,19.47
2016-05-27,19.82,20.12,19.77,19.95,7108319.0,19.95
2016-05-26,19.94,20.17,19.7,20.05,8533333.0,20.05
2016-05-25,19.73,20.06,19.65,19.78,8039870.0,19.78
2016-05-24,20.1,20.15,19.72,19.98,7243887.0,19.98
2016-05-23,20.02,20.32,20.02,20.25,6143932.0,20.25
2016-05-20,19.96,20.12,19.71,20.04,8480628.0,20.04
2016-05-19,20.02,20.4,19.85,20.24,9447972.0,20.24
2016-05-18,21.4,21.54,20.04,20.46,12528050.0,20.46
2016-05-17,21.33,21.97,21.23,21.25,12658759.0,21.25
2016-05-16,20.68,21.86,20.52,21.6,14537427.0,21.6
2016-05-13,20.48,21.22,20.38,21.05,9466962.0,21.05
2016-05-12,20.82,20.98,20.22,20.66,7429097.0,20.66
2016-05-11,20.81,21.37,20.52,21.11,11678484.0,21.11
2016-05-10,20.36,20.82,20.3,20.66,9664988.0,20.66
2016-05-09,22.56,22.56,20.72,21.08,14855868.0,21.08
2016-05-06,23.37,23.7,22.55,22.62,16327129.0,22.62
2016-05-05,23.27,23.89,23.22,23.58,11877725.0,23.58
2016-05-04,23.48,23.89,23.3,23.44,14760242.0,23.44
2016-05-03,23.84,24.17,23.56,23.92,19285356.0,23.92
2016-04-29,23.13,23.52,23.02,23.07,19179620.0,23.07
2016-04-28,22.62,22.92,22.25,22.68,13243168.0,22.68
2016-04-27,22.76,23.2,22.52,23.03,15329157.0,23.03
2016-04-26,22.59,22.74,22.3,22.49,7347483.0,22.49
2016-04-25,22.23,22.69,22.09,22.38,9365811.0,22.38
2016-04-22,23.0,23.42,22.23,22.74,16997262.0,22.74
2016-04-21,22.65,24.22,22.41,23.72,25024265.0,23.72
2016-04-20,24.42,24.67,22.04,22.99,25588356.0,22.99
2016-04-19,23.34,23.9,23.1,23.86,15269100.0,23.86
2016-04-18,24.33,24.48,23.47,23.55,20105270.0,23.55
2016-04-15,23.97,24.47,23.75,24.3,20737914.0,24.3
2016-04-14,24.53,24.86,24.04,24.45,28388229.0,24.45
2016-04-13,24.77,25.71,24.56,25.29,37837850.0,25.29
2016-04-12,24.02,26.04,24.02,25.14,49135085.0,25.14
2016-04-11,23.72,24.93,23.32,24.0,39363006.0,24.0
2016-04-08,23.1,24.52,22.92,23.89,36549680.0,23.89
2016-04-07,22.82,23.25,22.63,22.89,14396453.0,22.89
2016-04-06,23.38,23.76,22.92,23.13,17396632.0,23.13
2016-04-05,23.02,23.3,22.43,23.27,17855120.0,23.27
2016-04-01,23.41,23.9,23.2,23.29,16612905.0,23.29
2016-03-31,22.78,23.64,22.72,23.57,21869624.0,23.57
2016-03-30,23.2,23.3,22.6,23.05,17620830.0,23.05
2016-03-29,23.02,23.15,22.33,22.48,15012446.0,22.48
2016-03-28,22.41,23.2,22.28,23.16,19979019.0,23.16
2016-03-25,23.15,23.38,22.02,22.54,24455057.0,22.54
2016-03-24,23.32,23.87,23.08,23.16,25912702.0,23.16
2016-03-23,24.48,25.32,23.92,24.35,34142464.0,24.35
2016-03-22,23.02,25.12,22.82,25.09,45631956.0,25.09
2016-03-21,22.82,23.97,22.53,23.42,30604919.0,23.42
2016-03-18,23.27,23.82,23.02,23.34,28462695.0,23.34
2016-03-17,23.54,23.66,22.72,23.01,24730709.0,23.01
2016-03-16,22.33,23.21,22.06,22.85,19581107.0,22.85
2016-03-15,23.32,23.52,22.08,22.61,29998336.0,22.61
2016-03-14,22.54,24.35,22.5,24.25,27349811.0,24.25
2016-03-11,23.83,24.19,23.12,23.3,24947221.0,23.3
2016-03-10,22.03,23.9,21.9,22.8,27916610.0,22.8
2016-03-09,23.01,23.8,22.35,22.51,27213698.0,22.51
2016-03-08,24.02,25.39,23.32,24.1,49400091.0,24.1
2016-03-07,22.23,24.45,21.92,24.45,44325913.0,24.45
2016-03-04,22.82,23.88,22.12,22.23,46202346.0,22.23
2016-03-03,20.92,22.24,20.67,22.15,32294358.0,22.15
2016-03-02,19.82,20.89,19.64,20.81,23234622.0,20.81
2016-03-01,19.5,20.52,19.22,20.37,25884491.0,20.37
2016-02-29,19.92,20.52,18.59,19.13,22269460.0,19.13
2016-02-26,21.0,21.18,19.61,20.51,20776700.0,20.51
2016-02-25,22.16,22.82,20.52,20.84,36683630.0,20.84
2016-02-24,21.94,23.97,21.39,22.17,41384543.0,22.17
2016-02-23,21.07,22.39,20.82,22.18,33776426.0,22.18
2016-02-22,21.17,21.47,20.98,21.39,16368724.0,21.39
2016-02-19,22.39,22.39,20.97,21.31,17131559.0,21.31
2016-02-18,22.24,22.62,21.72,21.76,20908500.0,21.76
2016-02-17,21.13,22.86,21.12,22.36,25643685.0,22.36
2016-02-16,21.02,23.0,19.88,22.02,27552601.0,22.02
2016-02-15,21.02,21.24,20.7,21.24,17095753.0,21.24
2016-02-05,18.78,19.82,18.74,19.31,18723780.0,19.31
2016-02-04,18.27,18.96,18.12,18.21,10864802.0,18.21
2016-02-03,17.46,17.99,16.88,17.67,7865127.0,17.67
2016-02-02,17.3,17.7,17.23,17.52,7284494.0,17.52
2016-02-01,16.87,17.73,16.73,17.11,8479790.0,17.11
2016-01-29,16.42,17.38,15.81,17.01,10594083.0,17.01
2016-01-28,18.14,18.55,16.82,16.82,10814611.0,16.82
2016-01-27,19.62,19.82,17.92,18.69,12394870.0,18.69
2016-01-26,20.14,20.83,18.32,19.51,18292341.0,19.51
2016-01-25,19.83,20.35,19.83,20.1,9199594.0,20.1
2016-01-22,19.51,20.16,18.82,20.09,11179637.0,20.09
2016-01-21,20.72,21.47,19.92,20.03,16792450.0,20.03
2016-01-20,19.27,21.33,19.08,20.58,15431258.0,20.58
2016-01-19,18.7,19.51,18.52,19.47,11587216.0,19.47
2016-01-18,17.79,19.6,17.62,19.17,12155005.0,19.17
2016-01-15,19.37,19.71,18.1,18.35,14135976.0,18.35
2016-01-14,18.72,20.22,18.03,20.11,16366226.0,20.11
2016-01-13,20.9,22.0,19.86,19.9,18443325.0,19.9
2016-01-12,23.02,23.22,22.06,22.06,24052541.0,22.06
2016-01-11,23.46,25.64,23.25,24.51,36895453.0,24.51
2016-01-08,23.2,24.19,22.36,24.19,34297029.0,24.19
2016-01-07,23.31,24.09,21.82,21.99,9906000.0,21.99
2016-01-06,21.64,24.48,21.64,23.73,37534986.0,23.73
2016-01-05,21.02,22.27,20.32,22.26,24668403.0,22.26
2016-01-04,21.22,22.52,19.62,20.25,13266547.0,20.25
2015-12-31,21.62,21.88,21.11,21.35,6258156.0,21.35
2015-12-30,21.53,22.01,21.43,21.99,8328191.0,21.99
2015-12-29,21.02,21.9,20.82,21.78,12204891.0,21.78
2015-12-28,22.1,22.32,21.13,21.22,11708790.0,21.22
2015-12-25,22.9,23.0,21.97,22.33,12668621.0,22.33
2015-12-24,22.36,22.83,22.22,22.8,12718349.0,22.8
2015-12-23,22.41,22.99,22.06,22.49,16747495.0,22.49
2015-12-22,23.3,23.48,22.44,22.73,17989167.0,22.73
2015-12-21,22.8,23.3,22.5,22.93,19419720.0,22.93
2015-12-18,22.77,23.22,22.28,22.88,27886844.0,22.88
2015-12-17,23.7,23.7,22.47,23.42,37730272.0,23.42
2015-12-16,22.47,24.3,22.4,23.69,40923772.0,23.69
2015-12-15,22.22,23.5,21.92,22.81,44663072.0,22.81
2015-12-14,19.69,21.59,19.52,21.59,17330214.0,21.59
2015-12-11,18.89,19.88,18.51,19.63,16214623.0,19.63
2015-12-10,19.03,19.47,18.92,19.05,9323352.0,19.05
2015-12-09,18.73,19.87,18.63,19.47,14105983.0,19.47
2015-12-08,18.82,19.33,18.65,18.89,10505929.0,18.89
2015-12-07,19.62,19.97,19.22,19.42,16232989.0,19.42
2015-12-04,19.02,19.31,18.69,18.77,13459826.0,18.77
2015-12-03,18.13,18.82,17.93,18.69,11355432.0,18.69
2015-12-02,18.33,18.67,17.87,18.49,8379089.0,18.49
2015-12-01,18.41,19.07,18.32,18.73,11847136.0,18.73
2015-11-30,18.62,18.73,17.52,18.25,13926033.0,18.25
2015-11-27,20.32,20.32,18.61,18.84,18405800.0,18.84
2015-11-26,19.92,21.18,19.83,20.67,23564326.0,20.67
2015-11-25,20.72,21.27,20.53,20.55,25616322.0,20.55
2015-11-24,19.39,19.87,19.22,19.84,9323007.0,19.84
2015-11-23,19.99,20.11,19.64,19.7,12278077.0,19.7
2015-11-20,20.51,20.68,19.97,20.36,14759802.0,20.36
2015-11-19,20.07,20.21,19.73,20.15,10180642.0,20.15
2015-11-18,20.12,20.31,19.63,19.82,15005189.0,19.82
2015-11-17,20.72,21.4,20.52,20.54,30339908.0,20.54
2015-11-16,20.32,21.34,20.2,21.34,33400506.0,21.34
2015-11-13,20.08,20.32,19.23,19.4,19361792.0,19.4
2015-11-12,20.06,21.0,19.9,20.63,24537060.0,20.63
2015-11-11,20.12,20.48,19.62,20.25,23622732.0,20.25
2015-11-10,19.45,21.07,19.32,20.49,30182444.0,20.49
2015-11-09,19.17,19.93,18.92,19.53,22944120.0,19.53
2015-11-06,19.02,19.97,18.61,19.9,27213418.0,19.9
2015-11-05,18.39,19.55,18.07,19.02,28074726.0,19.02
2015-11-04,17.73,18.65,17.66,18.56,18549140.0,18.56
2015-11-03,17.52,18.17,17.42,18.05,11087634.0,18.05
2015-11-02,17.41,18.01,17.21,17.51,9132554.0,17.51
2015-10-30,17.91,18.13,17.58,17.95,14527964.0,17.95
2015-10-29,18.52,18.77,18.23,18.51,18342774.0,18.51
2015-10-28,18.19,19.86,17.88,19.17,27290760.0,19.17
2015-10-27,18.52,18.52,17.62,18.34,13346558.0,18.34
2015-10-26,18.69,19.22,18.56,18.8,18719440.0,18.8
2015-10-23,18.16,19.22,17.82,19.06,21145424.0,19.06
2015-10-22,17.68,18.31,17.56,18.26,16991584.0,18.26
2015-10-21,18.78,19.22,17.27,18.06,24405164.0,18.06
2015-10-20,18.38,18.69,18.03,18.63,16231485.0,18.63
2015-10-19,19.32,19.32,18.36,18.63,21736296.0,18.63
2015-10-16,18.82,19.34,18.53,19.3,25908508.0,19.3
2015-10-15,18.92,19.22,18.51,19.16,29901120.0,19.16
2015-10-14,18.42,19.52,17.87,18.12,30872400.0,18.12
2015-10-13,17.77,18.12,17.51,17.94,23285876.0,17.94
2015-10-12,16.82,18.31,16.66,18.31,29254886.0,18.31
2015-10-09,15.72,17.12,15.46,16.65,25942000.0,16.65
2015-10-08,15.96,15.96,15.51,15.87,17400384.0,15.87
2015-09-30,14.96,15.52,14.95,15.13,11144103.0,15.13
2015-09-29,15.03,15.29,14.77,15.05,13309271.0,15.05
2015-09-28,15.51,15.77,14.72,15.69,22158270.0,15.69
2015-09-25,16.54,17.15,16.03,16.21,32904402.0,16.21
2015-09-24,15.32,15.86,15.29,15.59,15290705.0,15.59
2015-09-23,15.39,15.44,14.88,15.18,18300084.0,15.18
2015-09-22,15.92,16.5,15.53,15.98,22456754.0,15.98
2015-09-21,15.66,16.49,15.63,16.25,21334640.0,16.25
2015-09-18,16.02,16.61,15.49,15.85,26084288.0,15.85
2015-09-17,15.63,16.57,15.27,15.57,32923696.0,15.57
2015-09-16,13.81,15.81,13.7,15.27,24091200.0,15.27
2015-09-15,15.21,15.41,14.39,14.39,17522246.0,14.39
2015-09-14,15.03,16.29,14.69,16.0,33174160.0,16.0
2015-09-11,15.24,15.46,14.58,14.98,13265861.0,14.98
2015-09-10,15.29,15.81,14.89,15.01,22848328.0,15.01
2015-09-09,14.99,16.24,14.81,16.19,22491028.0,16.19
2015-09-08,14.31,15.12,13.53,14.87,18456050.0,14.87
2015-09-07,15.02,16.36,14.51,14.68,21442734.0,14.68
2015-09-02,15.87,17.42,15.87,15.87,23975768.0,15.87
2015-09-01,17.05,18.05,16.62,17.63,32496846.0,17.63
2015-08-31,17.37,17.72,16.52,16.78,22046504.0,16.78
2015-08-28,16.02,17.94,15.38,17.94,38761416.0,17.94
2015-08-27,16.9,17.82,16.08,16.31,36202244.0,16.31
2015-08-26,18.02,20.32,17.86,17.86,43970504.0,17.86
2015-08-25,20.82,23.3,19.84,19.84,54417176.0,19.84
2015-08-24,19.13,23.09,18.91,22.04,59334408.0,22.04
2015-08-21,21.41,22.41,20.4,21.01,56027756.0,21.01
2015-08-20,18.97,20.37,18.96,20.37,37631224.0,20.37
2015-08-19,17.3,18.68,16.65,18.52,29623866.0,18.52
2015-08-18,20.54,20.54,18.5,18.5,28524292.0,18.5
2015-08-17,20.18,21.62,20.14,20.55,34867120.0,20.55
2015-08-14,20.74,22.38,20.2,20.59,46685072.0,20.59
2015-08-13,20.42,21.62,20.07,21.62,52606440.0,21.62
2015-08-12,18.52,19.66,17.78,19.66,42057212.0,19.66
2015-08-11,16.18,17.87,16.1,17.87,28503608.0,17.87
2015-08-10,15.43,16.37,15.41,16.25,16106640.0,16.25
2015-08-07,15.59,15.71,15.2,15.53,14393474.0,15.53
2015-08-06,14.3,15.54,14.21,15.41,12641583.0,15.41
2015-08-05,14.52,14.81,14.18,14.62,8954163.0,14.62
2015-08-04,13.69,14.59,13.56,14.55,7885271.0,14.55
2015-08-03,13.51,14.2,13.01,13.75,5889212.0,13.75
2015-07-31,14.22,14.75,13.86,14.21,7525698.0,14.21
2015-07-30,14.61,15.57,14.41,14.72,14143993.0,14.72
2015-07-29,14.16,14.81,13.51,14.71,10652800.0,14.71
2015-07-28,13.61,14.46,13.2,13.86,13014141.0,13.86
2015-07-27,15.76,16.52,14.66,14.66,14138792.0,14.66
2015-07-24,16.08,17.29,15.84,16.3,22793524.0,16.3
2015-07-23,15.3,16.32,15.15,16.23,18316270.0,16.23
2015-07-22,15.31,15.63,14.77,15.27,10404072.0,15.27
2015-07-21,14.91,16.02,14.56,15.62,13298971.0,15.62
2015-07-20,15.21,15.99,15.02,15.29,11631576.0,15.29
2015-07-17,14.31,15.46,14.11,15.18,10487301.0,15.18
2015-07-16,13.34,15.01,12.9,14.41,9893863.0,14.41
2015-07-15,15.04,15.52,14.15,14.15,9579259.0,14.15
2015-07-14,15.21,16.34,14.52,15.72,20091588.0,15.72
2015-07-13,14.59,15.04,14.27,15.04,14114800.0,15.04
2015-07-10,13.31,13.66,12.67,13.66,7193256.0,13.66
2015-07-09,10.56,12.42,10.56,12.42,11244911.0,12.42
2015-07-08,11.29,11.77,11.29,11.29,7912430.0,11.29
2015-07-07,13.46,14.01,12.54,12.54,10958358.0,12.54
2015-07-06,14.79,14.79,12.41,13.93,13913026.0,13.93
2015-07-03,14.36,15.38,13.45,13.45,12704130.0,13.45
2015-07-02,16.52,16.85,14.95,14.95,9763114.0,14.95
2015-07-01,18.12,18.71,16.58,16.6,10655264.0,16.6
2015-06-30,17.79,18.52,15.68,18.4,13122438.0,18.4
2015-06-29,20.02,20.31,17.38,17.41,10986925.0,17.41
2015-06-26,20.9,20.9,19.31,19.31,8578341.0,19.31
2015-06-25,23.33,23.33,21.02,21.45,8100135.0,21.45
2015-06-24,22.8,23.28,22.28,23.2,9113206.0,23.2
2015-06-23,22.4,23.21,20.9,22.47,11088137.0,22.47
2015-06-19,25.51,26.36,23.22,23.22,10989694.0,23.22
2015-06-18,26.32,26.88,25.76,25.8,11027243.0,25.8
2015-06-17,25.7,26.21,25.4,26.09,8516242.0,26.09
2015-06-16,26.29,26.5,25.5,25.69,11141583.0,25.69
2015-06-15,27.08,28.19,25.99,26.91,16130721.0,26.91
2015-06-12,28.49,28.49,27.0,27.51,16450170.0,27.51
2015-06-11,28.3,29.49,28.19,28.49,19201236.0,28.49
2015-06-10,27.52,28.68,27.32,28.02,20468392.0,28.02
2015-06-09,26.74,28.35,26.23,28.18,19730340.0,28.18
2015-06-08,27.61,27.61,26.35,26.74,12842850.0,26.74
2015-06-05,26.43,28.16,26.43,27.69,18872040.0,27.69
2015-06-04,27.09,27.09,24.6,26.29,15602612.0,26.29
2015-06-03,28.06,28.06,26.72,27.16,14647636.0,27.16
2015-06-02,28.77,29.09,27.5,28.08,19977440.0,28.08
2015-06-01,27.33,28.58,26.0,28.55,24819888.0,28.55
2015-05-29,27.12,29.0,25.48,27.32,29998328.0,27.32
2015-05-28,29.2,32.58,28.1,28.31,44461724.0,28.31
2015-05-27,27.89,30.49,27.4,29.71,44091856.0,29.71
2015-05-26,25.53,27.72,24.75,27.72,32307218.0,27.72
2015-05-25,24.85,25.78,24.6,25.2,31030638.0,25.2
2015-05-22,22.95,24.33,22.94,24.13,29955312.0,24.13
2015-05-21,22.4,23.0,22.29,22.75,16500491.0,22.75
2015-05-20,22.9,23.65,22.68,22.71,22317664.0,22.71
2015-05-19,23.08,23.96,22.65,23.38,25995744.0,23.38
2015-05-18,21.38,23.5,20.9,23.1,26713022.0,23.1
2015-05-15,22.0,22.83,21.65,21.69,19908726.0,21.69
2015-05-14,21.8,22.5,21.0,22.38,24711340.0,22.38
2015-05-13,21.16,22.85,20.99,21.03,23424838.0,21.03
2015-05-12,20.71,21.21,20.61,21.08,13702702.0,21.08
2015-05-11,20.22,21.19,20.12,20.97,12193471.0,20.97
2015-05-08,19.11,19.95,19.11,19.85,10055111.0,19.85
2015-05-07,19.83,20.23,19.05,19.06,9879246.0,19.06
2015-05-06,20.6,21.15,19.62,19.83,10261637.0,19.83
2015-05-05,22.01,22.35,20.56,20.62,13621637.0,20.62
2015-05-04,21.79,22.77,21.02,21.87,18684516.0,21.87
2015-04-30,24.99,25.43,22.84,22.88,33772200.0,22.88
2015-04-29,23.0,24.67,22.56,24.67,31114800.0,24.67
2015-04-28,21.61,22.46,20.8,22.43,25970396.0,22.43
2015-04-27,21.05,21.81,20.8,21.39,15864786.0,21.39
2015-04-24,21.82,21.84,20.79,21.05,17286360.0,21.05
2015-04-23,22.0,22.68,21.4,21.79,22778176.0,21.79
2015-04-22,22.1,23.12,22.03,22.45,22982436.0,22.45
2015-04-21,22.0,23.3,21.32,22.45,27177992.0,22.45
2015-04-20,21.84,23.06,20.0,22.96,51782648.0,22.96
2015-04-17,18.75,20.96,18.55,20.96,32769672.0,20.96
2015-04-16,17.7,19.5,17.32,19.05,43174076.0,19.05
2015-04-15,16.61,18.52,16.6,18.25,44579068.0,18.25
2015-04-14,16.9,16.9,16.45,16.84,15814428.0,16.84
2015-04-13,17.22,17.4,16.71,16.9,20980724.0,16.9
2015-04-10,15.96,16.98,15.76,16.9,23263240.0,16.9
2015-04-09,16.38,16.39,15.65,16.0,15150885.0,16.0
2015-04-08,17.08,17.08,16.2,16.5,24703544.0,16.5
2015-04-07,16.24,17.34,16.1,17.11,36291372.0,17.11
2015-04-03,15.82,15.98,15.75,15.93,11273318.0,15.93
2015-04-02,16.15,16.29,15.81,16.02,12970279.0,16.02
2015-04-01,15.64,15.96,15.62,15.83,9476458.0,15.83
2015-03-31,15.68,15.8,15.6,15.64,10830948.0,15.64
2015-03-30,15.9,15.9,15.57,15.82,15871442.0,15.82
2015-03-27,16.4,16.73,16.14,16.15,17424644.0,16.15
2015-03-26,16.0,16.24,15.83,16.17,15740543.0,16.17
2015-03-25,16.09,16.29,15.8,16.08,21755280.0,16.08
2015-03-24,15.9,16.81,15.7,16.43,35939420.0,16.43
2015-03-23,16.1,16.22,15.81,16.04,21325332.0,16.04
2015-03-20,16.78,16.78,15.66,15.85,38549584.0,15.85
2015-03-19,15.28,16.32,15.28,16.32,30248304.0,16.32
2015-03-18,14.58,14.88,14.5,14.84,13452649.0,14.84
2015-03-17,14.6,14.75,14.44,14.65,13486957.0,14.65
2015-03-16,14.18,14.79,14.13,14.59,13909463.0,14.59
2015-03-13,14.1,14.24,13.98,14.13,8369739.0,14.13
2015-03-12,13.85,14.15,13.7,14.14,10616524.0,14.14
2015-03-11,14.18,14.18,13.83,13.87,10043769.0,13.87
2015-03-10,14.12,14.41,14.05,14.19,8088317.0,14.19
2015-03-09,14.5,14.5,14.0,14.25,14299373.0,14.25
2015-03-06,14.68,15.1,14.6,14.88,13505401.0,14.88
2015-03-05,14.8,14.81,14.61,14.72,10934070.0,14.72
2015-03-04,14.79,14.96,14.7,14.88,10219573.0,14.88
2015-03-03,15.19,15.2,14.82,14.84,19421040.0,14.84
2015-03-02,15.23,15.43,15.0,15.29,17904020.0,15.29
2015-02-27,14.96,15.6,14.74,15.24,22519506.0,15.24
2015-02-26,14.75,15.1,14.71,15.09,18624592.0,15.09
2015-02-25,15.1,15.2,14.6,14.77,23250436.0,14.77
2015-02-17,15.73,16.08,15.38,15.51,28244000.0,15.51
2015-02-16,16.51,16.83,15.73,15.86,36525768.0,15.86
2015-02-13,16.31,16.96,16.25,16.68,39203876.0,16.68
2015-02-12,17.55,18.09,16.54,16.81,66276668.0,16.81
2015-02-11,14.65,16.52,14.65,16.52,41822004.0,16.52
2015-02-10,14.81,16.23,14.51,15.02,73883840.0,15.02
2015-02-09,14.44,16.12,13.35,16.12,101906760.0,16.12
2015-02-06,14.65,14.65,14.65,14.65,18795214.0,14.65
2015-02-05,13.32,13.32,13.32,13.32,517090.0,13.32
2015-02-04,12.11,12.11,12.11,12.11,244510.0,12.11
2015-02-03,11.01,11.01,11.01,11.01,264000.0,11.01
2015-02-02,10.01,10.01,10.01,10.01,363650.0,10.01
2015-01-30,9.1,9.1,9.1,9.1,258550.0,9.1
2015-01-29,8.27,8.27,8.27,8.27,152500.0,8.27
2015-01-28,7.52,7.52,7.52,7.52,88900.0,7.52
2015-01-27,6.84,6.84,6.84,6.84,45200.0,6.84
2015-01-26,6.22,6.22,6.22,6.22,27000.0,6.22
2015-01-23,5.65,5.65,5.65,5.65,47521.0,5.65
2015-01-22,4.28,5.14,4.28,5.14,128500.0,5.14
