date,open,high,close,low,volume,amount
2017-12-29,219.95,222.55,216.52,212.43,3682205.0,241834655.0
2017-12-28,213.82,220.51,219.95,212.1,4275158.0,280990243.0
2017-12-27,216.95,217.28,211.44,210.68,3430351.0,221881560.0
2017-12-26,219.59,220.44,216.29,214.51,2889799.0,189751229.0
2017-12-25,223.87,227.0,220.11,217.61,2941041.0,197641664.0
2017-12-22,226.94,230.14,224.13,218.86,4051652.0,274451915.0
2017-12-21,226.67,232.94,228.22,225.62,4318512.0,300178182.0
2017-12-20,217.61,230.3,227.93,217.44,5486096.0,376605398.0
2017-12-19,216.45,221.4,219.49,214.31,2921342.0,193918676.0
2017-12-18,215.17,222.45,216.39,215.17,3567694.0,236803148.0
2017-12-15,216.16,220.87,215.1,213.85,2708023.0,178887527.0
2017-12-14,219.29,219.49,217.61,215.33,4053542.0,266665718.0
2017-12-13,205.34,219.78,219.59,205.34,4972365.0,320929710.0
2017-12-12,208.47,212.2,204.95,204.58,3497541.0,221079806.0
2017-12-11,204.32,211.01,208.31,204.32,4018565.0,254392380.0
2017-12-08,195.85,204.42,204.32,195.29,2586643.0,158224685.0
2017-12-07,201.98,203.1,196.18,195.52,2290966.0,137657092.0
2017-12-06,204.65,209.0,201.95,200.46,2296754.0,141847801.0
2017-12-05,208.57,212.96,207.06,204.42,3507265.0,220537894.0
2017-12-04,203.73,213.32,210.02,201.19,3055868.0,193591998.0
2017-12-01,200.59,204.78,203.79,197.82,3450048.0,212292216.0
2017-11-30,197.92,203.13,200.63,195.55,1813510.0,110478718.0
2017-11-29,202.51,202.51,199.8,194.53,2652143.0,159853695.0
2017-11-28,196.28,203.76,202.77,196.24,3248558.0,198670603.0
2017-11-27,200.82,201.12,198.55,191.86,3966693.0,237118092.0
2017-11-24,206.0,207.91,201.78,194.56,5044876.0,305229373.0
2017-11-23,217.28,217.28,206.4,204.42,5099657.0,322932341.0
2017-11-22,224.89,227.43,219.52,218.37,4590804.0,308465501.0
2017-11-21,216.02,226.21,224.89,216.02,3892152.0,262799274.0
2017-11-20,217.61,218.6,216.95,207.22,2859949.0,187027949.0
2017-11-17,226.84,228.16,218.86,213.19,5339127.0,356597597.0
2017-11-16,227.47,231.19,230.79,224.2,4792855.0,333623350.0
2017-11-15,226.18,230.73,227.27,223.61,3750201.0,257548615.0
2017-11-14,235.08,235.64,224.56,224.2,4546806.0,313786825.0
2017-11-13,241.68,241.68,235.41,234.42,3662304.0,262561138.0
2017-11-10,240.36,247.94,242.2,237.59,3645106.0,267828584.0
2017-11-09,243.65,243.65,240.98,235.74,3790479.0,274253175.0
2017-11-08,246.62,248.93,244.94,239.37,3175495.0,234508161.0
2017-11-07,244.21,257.53,244.31,241.44,4348322.0,326030788.0
2017-11-06,232.11,245.63,244.35,231.98,3740907.0,272356156.0
2017-11-03,230.76,237.39,234.59,229.18,3277645.0,232635067.0
2017-11-02,236.1,238.05,230.47,229.05,3015617.0,212381300.0
2017-11-01,240.03,243.26,237.39,236.07,2465868.0,179078674.0
2017-10-31,238.71,241.94,240.62,232.44,2585667.0,185330341.0
2017-10-30,228.16,243.26,238.81,224.2,6314288.0,446293703.0
2017-10-27,223.34,233.83,231.26,223.34,3776715.0,263405170.0
2017-10-26,223.9,231.95,224.2,223.9,4240967.0,293764434.0
2017-10-25,220.54,222.55,218.79,217.61,2511990.0,166937161.0
2017-10-24,223.21,223.81,221.83,216.95,2989138.0,199303925.0
2017-10-23,221.99,225.29,222.62,218.6,2699738.0,181512934.0
2017-10-20,229.25,229.71,221.99,216.29,3942332.0,265159644.0
2017-10-19,225.85,236.66,231.78,225.85,3942137.0,277687702.0
2017-10-18,221.33,227.5,227.33,218.6,2992424.0,203364048.0
2017-10-17,221.93,227.17,220.9,217.31,2999123.0,200884572.0
2017-10-16,225.95,230.4,221.56,218.83,3688574.0,250032734.0
2017-10-13,229.71,233.47,228.45,225.78,2791111.0,193689375.0
2017-10-12,231.12,234.09,230.47,225.29,3099895.0,215600628.0
2017-10-11,219.59,236.99,231.12,216.95,4990215.0,344726293.0
2017-10-10,211.67,223.74,221.2,211.41,3710057.0,245037806.0
2017-10-09,208.01,215.76,213.85,204.35,4738141.0,303435293.0
2017-09-29,203.36,213.78,204.02,199.94,5846968.0,367376866.0
2017-09-28,192.55,206.99,204.02,191.43,7191060.0,433626456.0
2017-09-27,188.49,191.72,191.49,186.61,3511871.0,202731964.0
2017-09-26,190.74,192.06,189.42,185.06,3380200.0,194123003.0
2017-09-25,189.58,192.85,191.23,187.9,4391010.0,254198461.0
2017-09-22,189.91,193.04,190.67,184.21,5573850.0,317887420.0
2017-09-21,191.2,193.8,189.91,186.32,5466693.0,316381739.0
2017-09-20,186.71,199.11,189.55,186.71,10626088.0,620746908.0
2017-09-19,187.93,189.58,187.87,183.02,9250822.0,521669524.0
2017-09-18,168.28,186.15,186.15,168.28,10035021.0,547514271.0
2017-09-15,170.79,172.34,169.24,168.15,2344765.0,121038015.0
2017-09-14,172.83,175.01,171.35,170.36,2865489.0,149278063.0
2017-09-13,171.65,177.78,173.29,171.22,4879686.0,258494037.0
2017-09-12,168.15,172.6,172.6,166.47,4006521.0,206199781.0
2017-09-11,162.81,168.74,168.48,161.85,4013590.0,202177893.0
2017-09-08,164.19,164.82,163.01,161.82,2307508.0,114280597.0
2017-09-07,168.38,168.48,165.02,164.46,3573002.0,179431183.0
2017-09-06,170.33,170.46,168.38,167.95,1497564.0,76646259.0
2017-09-05,170.19,171.45,170.33,169.83,1506427.0,77956050.0
2017-09-04,169.8,171.45,171.45,167.1,3590530.0,183804786.0
2017-09-01,170.16,171.25,170.26,169.47,2072228.0,106997711.0
2017-08-31,172.47,173.36,170.79,168.55,2862896.0,148023294.0
2017-08-30,172.97,173.36,172.47,169.5,3499177.0,181677503.0
2017-08-29,171.38,174.25,173.62,169.87,3511315.0,183461714.0
2017-08-28,174.75,176.39,171.78,171.45,8488433.0,446694195.0
2017-08-25,166.87,170.95,170.19,166.87,2277935.0,116850306.0
2017-08-24,168.84,169.44,166.47,166.11,2366578.0,120439688.0
2017-08-23,167.82,169.77,169.31,166.83,2444430.0,125021426.0
2017-08-22,171.22,171.22,167.95,165.38,4208126.0,214251409.0
2017-08-21,173.53,174.09,171.97,169.8,2926275.0,151947545.0
2017-08-18,173.43,174.65,173.1,170.99,2695987.0,141220370.0
2017-08-17,175.73,175.73,173.36,171.61,2856143.0,149989808.0
2017-08-16,176.06,177.84,174.25,172.5,3201369.0,169436764.0
2017-08-15,178.8,180.61,176.56,174.78,4095242.0,220098325.0
2017-08-14,178.04,186.94,181.11,176.53,4772173.0,262556239.0
2017-08-11,179.69,183.98,178.67,177.55,3442541.0,188325560.0
2017-08-10,178.21,187.27,181.27,177.58,6781402.0,375271435.0
2017-08-09,169.27,179.95,178.21,169.27,5605096.0,300292206.0
2017-08-08,176.16,179.23,170.46,169.24,6443720.0,339317714.0
2017-08-07,168.31,178.04,176.99,166.93,4266641.0,223730480.0
2017-08-04,170.75,172.5,168.94,168.15,2418730.0,124798238.0
2017-08-03,173.95,178.7,171.15,169.96,3902399.0,205673682.0
2017-08-02,177.91,179.23,174.71,173.19,3913321.0,207868651.0
2017-08-01,177.35,181.6,178.27,176.39,4259198.0,230182815.0
2017-07-31,176.03,184.14,177.38,174.84,8504257.0,461463416.0
2017-07-28,160.04,176.66,175.73,159.12,9323186.0,481429157.0
2017-07-27,156.71,160.76,160.6,155.85,3046159.0,146709670.0
2017-07-26,158.42,161.66,156.68,155.85,2595595.0,124573625.0
2017-07-25,162.31,162.51,159.28,159.12,1797721.0,87521344.0
2017-07-24,160.53,166.21,161.75,160.24,3634290.0,180414599.0
2017-07-21,158.26,162.71,161.0,157.27,3219278.0,157005329.0
2017-07-20,157.2,158.92,158.26,155.69,2666692.0,127384364.0
2017-07-19,155.95,158.59,157.01,154.47,3157925.0,149910479.0
2017-07-18,154.93,156.08,155.19,150.35,2338733.0,108154455.0
2017-07-17,160.83,161.49,154.93,154.04,2952985.0,140105230.0
2017-07-14,159.64,160.83,160.63,158.59,1774848.0,86046861.0
2017-07-13,159.58,162.05,159.68,158.0,1538828.0,74618514.0
2017-07-12,159.91,160.9,159.58,157.8,1315215.0,63359976.0
2017-07-11,159.68,162.15,159.91,159.61,2106724.0,102937814.0
2017-07-10,157.76,160.11,159.61,157.44,1522219.0,73346960.0
2017-07-07,160.57,160.9,158.26,156.48,3036377.0,145853619.0
2017-07-06,162.38,162.78,160.24,159.84,2806941.0,136911149.0
2017-07-05,161.69,163.04,162.48,160.47,2105631.0,103460446.0
2017-07-04,164.46,165.08,161.46,158.95,2843496.0,139273667.0
2017-07-03,167.89,168.74,164.52,163.6,1928291.0,96454473.0
2017-06-30,167.52,169.04,167.99,166.83,1179708.0,60141467.0
2017-06-29,168.18,169.34,168.78,167.16,1350931.0,68954474.0
2017-06-28,170.54,171.03,168.03,166.79,2578112.0,133596799.0
2017-06-27,170.44,172.0,170.28,167.67,2585069.0,134494484.0
2017-06-26,163.56,171.25,170.76,163.56,4638725.0,240971156.0
2017-06-23,162.91,164.21,164.02,160.76,1827177.0,91026498.0
2017-06-22,165.65,165.65,162.94,162.88,2928875.0,147631196.0
2017-06-21,161.38,165.88,165.88,160.34,2839171.0,141530637.0
2017-06-20,162.94,163.5,161.05,159.88,2000811.0,98686254.0
2017-06-19,161.74,163.27,162.55,160.66,2331590.0,115974733.0
2017-06-16,162.39,163.59,161.05,160.34,2042827.0,101231098.0
2017-06-15,167.83,167.83,163.92,160.24,2372724.0,118708553.0
2017-06-14,167.21,171.06,166.69,165.09,2101882.0,108367872.0
2017-06-13,167.51,169.79,167.83,164.34,1611176.0,82638597.0
2017-06-12,166.01,172.07,167.9,165.03,3400049.0,176492930.0
2017-06-09,166.37,170.96,165.19,164.7,3699412.0,190343552.0
2017-06-08,163.17,167.83,165.06,163.17,2928589.0,149015096.0
2017-06-07,154.21,165.55,163.66,153.49,4292634.0,211529091.0
2017-06-06,150.89,154.34,154.21,149.91,1568227.0,73347448.0
2017-06-05,153.07,153.82,150.4,149.81,2570270.0,119432245.0
2017-06-02,153.85,155.02,153.07,150.85,1294257.0,60796982.0
2017-06-01,153.17,155.38,153.85,153.13,1656721.0,78546526.0
2017-05-31,156.07,157.7,154.47,152.51,2704101.0,128499673.0
2017-05-26,155.9,158.06,156.07,155.45,2808025.0,135320307.0
2017-05-25,158.32,158.32,154.44,152.87,3478959.0,164486199.0
2017-05-24,160.27,160.27,158.32,150.2,1561120.0,74894765.0
2017-05-23,156.78,164.34,160.43,156.78,3020932.0,149461863.0
2017-05-22,160.5,161.02,157.96,156.75,1543309.0,75146895.0
2017-05-19,160.5,163.59,160.21,159.16,1498337.0,74256541.0
2017-05-18,159.03,162.75,160.56,158.61,1742774.0,86285463.0
2017-05-17,162.36,162.68,159.16,157.99,2625298.0,128778126.0
2017-05-16,154.15,162.13,162.13,154.15,4035671.0,198332113.0
2017-05-15,150.07,156.49,155.94,149.45,2456911.0,116628926.0
2017-05-12,150.62,152.84,150.23,143.98,3540906.0,161502489.0
2017-05-11,150.07,151.96,151.96,148.93,1660801.0,76722835.0
2017-05-10,151.28,154.34,150.72,149.94,1744295.0,81464994.0
2017-05-09,149.55,151.15,150.98,148.44,2348787.0,108188636.0
2017-05-08,152.84,154.15,149.42,149.06,3195802.0,147317397.0
2017-05-05,158.94,159.2,152.84,151.54,3271161.0,155212262.0
2017-05-04,158.97,160.34,158.9,157.73,1658538.0,81004890.0
2017-05-03,157.37,160.96,159.75,157.37,1487124.0,72855575.0
2017-05-02,161.25,162.59,158.06,157.34,3228749.0,158313916.0
2017-04-28,167.83,172.0,161.41,159.69,5663136.0,283655449.0
2017-04-27,169.33,172.0,170.67,164.21,2312738.0,118964795.0
2017-04-26,175.33,179.27,169.17,168.32,5122344.0,272931382.0
2017-04-25,169.56,175.95,175.43,169.33,3040923.0,161424579.0
2017-04-24,166.85,172.26,169.46,162.94,2533950.0,130889369.0
2017-04-21,177.28,177.61,170.37,169.14,2841354.0,151785501.0
2017-04-20,172.72,181.78,175.98,171.16,5792447.0,315634434.0
2017-04-19,172.98,176.63,172.39,170.31,2829839.0,149889414.0
2017-04-18,167.18,174.51,173.44,165.06,4327176.0,228019464.0
2017-04-17,164.25,169.07,166.46,164.25,1480338.0,75685004.0
2017-04-14,168.94,170.08,164.48,164.12,1169917.0,59638975.0
2017-04-13,169.53,172.33,168.88,166.4,1637256.0,85386972.0
2017-04-12,162.29,170.93,169.53,160.5,3245295.0,167115866.0
2017-04-11,161.8,165.55,163.6,156.43,2308975.0,114340507.0
2017-04-10,166.24,166.24,161.97,161.93,1952669.0,97791861.0
2017-04-07,168.65,169.07,166.5,166.46,1704605.0,87635915.0
2017-04-06,167.38,168.61,168.61,165.71,1342934.0,68769702.0
2017-04-05,164.57,170.67,167.34,163.6,2527345.0,131006166.0
2017-03-31,166.2,168.45,165.88,164.74,2248794.0,114704966.0
2017-03-30,171.06,171.06,168.22,164.44,3376026.0,173326664.0
2017-03-29,170.44,172.04,171.25,168.94,2496918.0,131065717.0
2017-03-28,169.95,170.83,169.46,168.0,1950123.0,101163768.0
2017-03-27,174.09,174.41,170.11,168.81,4353130.0,228748554.0
2017-03-24,176.6,183.8,175.26,172.85,4872920.0,267801376.0
2017-03-23,178.42,179.56,177.77,174.02,3356556.0,182424745.0
2017-03-22,176.96,179.86,178.75,174.84,4219016.0,229160201.0
2017-03-21,172.07,178.59,177.71,170.44,4948652.0,265683189.0
2017-03-20,168.35,170.5,170.5,167.54,1684488.0,87296814.0
2017-03-17,168.81,171.84,168.16,167.18,3135503.0,163326495.0
2017-03-16,171.35,173.5,168.81,167.41,3102870.0,161450869.0
2017-03-15,171.97,173.86,171.25,169.17,2670688.0,140026291.0
2017-03-14,177.19,178.29,171.74,170.63,3588789.0,190145886.0
2017-03-13,175.72,180.15,177.51,174.48,2544841.0,139114915.0
2017-03-10,174.02,178.85,176.08,173.14,2302979.0,124702699.0
2017-03-09,177.74,177.77,174.71,171.16,2135794.0,113863480.0
2017-03-08,172.82,180.48,177.12,172.3,2092243.0,113364013.0
2017-03-07,169.23,176.99,174.58,168.35,3108879.0,166306215.0
2017-03-06,169.46,171.19,170.18,165.71,2330547.0,121059040.0
2017-03-03,166.2,171.65,169.49,165.35,3966875.0,206640331.0
2017-03-02,166.2,167.8,167.21,164.67,2438155.0,124436749.0
2017-03-01,166.2,172.92,166.59,166.2,3261428.0,169450354.0
2017-02-28,165.97,167.44,166.99,165.16,2209678.0,112846241.0
2017-02-27,169.82,171.71,165.16,164.12,4511486.0,229716775.0
2017-02-24,171.38,172.72,172.07,169.53,2476806.0,130105230.0
2017-02-23,170.28,177.54,172.98,170.28,5495717.0,293198326.0
2017-02-22,169.95,176.04,170.47,165.09,4776570.0,250270087.0
2017-02-21,167.6,170.93,168.48,164.9,3698976.0,190751039.0
2017-02-20,159.49,172.3,167.67,159.49,8362607.0,428583448.0
2017-02-17,153.23,161.8,159.2,153.23,4937533.0,239992852.0
2017-02-16,154.57,155.19,154.15,153.1,1210443.0,57256080.0
2017-02-15,156.72,158.97,154.57,153.66,1515522.0,72478276.0
2017-02-14,156.1,156.65,155.97,154.41,1476553.0,70518817.0
2017-02-13,153.1,159.33,156.43,152.22,4437012.0,213425479.0
2017-02-10,149.91,154.89,152.71,149.91,4028233.0,189351383.0
2017-02-09,148.12,150.14,149.88,147.66,1794399.0,82279082.0
2017-02-08,146.58,148.12,147.95,145.25,1086524.0,48921757.0
2017-02-07,147.3,148.25,146.65,146.32,927054.0,41839052.0
2017-02-06,146.65,147.37,146.81,145.48,1054701.0,47447214.0
2017-02-03,147.43,147.43,146.81,146.42,520922.0,23452184.0
2017-01-26,146.52,147.3,146.42,146.03,509227.0,22910931.0
2017-01-25,147.37,147.37,146.23,145.15,691413.0,31080808.0
2017-01-24,148.02,148.6,147.37,146.65,1053584.0,47694574.0
2017-01-23,146.97,150.1,148.02,146.81,1412575.0,64325364.0
2017-01-20,146.65,147.92,146.65,146.0,1192966.0,53640656.0
2017-01-19,149.26,149.26,146.94,146.16,1066657.0,48287618.0
2017-01-18,146.42,149.78,149.32,146.42,1158033.0,52862311.0
2017-01-17,145.25,147.63,146.42,143.39,660812.0,29587560.0
2017-01-16,145.61,147.24,145.28,140.29,1129760.0,50285442.0
2017-01-13,147.95,149.09,145.44,145.35,975320.0,43783358.0
2017-01-12,151.7,151.7,147.92,147.89,769205.0,35199848.0
2017-01-11,154.24,154.24,150.89,149.65,1218613.0,56544776.0
2017-01-10,153.0,156.43,154.05,152.22,1472552.0,69827907.0
2017-01-09,153.33,153.98,153.04,151.54,1032590.0,48442417.0
2017-01-06,152.78,156.43,153.82,152.22,2463379.0,116993461.0
2017-01-05,152.55,154.21,153.07,152.22,1778805.0,83562400.0
2017-01-04,148.28,154.5,153.1,148.28,2878651.0,134411858.0
2017-01-03,148.28,149.52,149.0,147.1,1816168.0,82805615.0
2016-12-30,145.05,149.26,148.28,144.86,2517795.0,114203765.0
2016-12-29,145.35,145.77,145.41,143.55,1063709.0,47230757.0
2016-12-28,146.26,147.14,145.09,143.59,1190960.0,52866036.0
2016-12-27,144.96,147.63,146.55,144.69,1685252.0,75750873.0
2016-12-26,145.9,145.9,144.66,141.76,1964377.0,86684330.0
2016-12-23,143.55,152.51,145.84,143.55,2831975.0,128081248.0
2016-12-22,147.69,148.57,145.18,143.42,2636351.0,117138727.0
2016-12-21,149.84,150.53,147.63,146.65,2499738.0,113741428.0
2016-12-20,152.12,152.12,149.75,149.32,1349881.0,62101421.0
2016-12-19,149.32,153.04,152.12,149.32,2211686.0,103095535.0
2016-12-16,149.91,152.51,149.32,149.03,1729220.0,79843983.0
2016-12-15,153.49,154.34,150.62,148.8,3035929.0,140391860.0
2016-12-14,153.66,157.73,153.07,151.8,2890152.0,137427600.0
2016-12-13,149.26,155.94,154.18,148.64,2543651.0,119121962.0
2016-12-12,156.72,158.97,150.4,149.91,3195558.0,151934404.0
2016-12-09,155.94,158.74,156.59,154.99,2728459.0,131485199.0
2016-12-08,154.37,159.69,156.49,153.04,3570822.0,172292134.0
2016-12-07,153.88,154.86,153.72,153.07,1364311.0,64414778.0
2016-12-06,151.63,153.85,153.85,151.18,2400752.0,112727242.0
2016-12-05,152.48,154.67,152.78,150.59,1300524.0,60916437.0
2016-12-02,152.19,154.47,151.73,151.54,1262315.0,59028156.0
2016-12-01,151.7,154.8,153.07,151.57,2247791.0,105646852.0
2016-11-30,156.46,156.72,152.19,149.97,4364953.0,204679745.0
2016-11-29,156.62,161.31,157.79,154.31,5580513.0,271548686.0
2016-11-28,161.25,161.64,157.08,157.08,3290119.0,160074156.0
2016-11-25,160.63,161.38,159.65,156.3,2756060.0,134228428.0
2016-11-24,159.75,160.66,160.3,157.57,3458413.0,169120010.0
2016-11-23,157.08,159.69,159.52,157.08,3423787.0,166513756.0
2016-11-22,155.77,156.91,156.52,154.86,2237974.0,107268170.0
2016-11-21,155.58,156.91,155.48,154.18,3169734.0,151096539.0
2016-11-18,157.5,158.02,156.2,154.8,2869601.0,137189694.0
2016-11-17,160.66,161.71,158.38,157.86,2653150.0,130024736.0
2016-11-16,162.65,162.88,161.97,159.69,3172798.0,157057734.0
2016-11-15,160.34,165.06,163.89,156.65,4673191.0,230908114.0
2016-11-14,159.26,161.44,159.2,157.4,3192760.0,155947639.0
2016-11-11,160.92,162.78,159.03,156.39,3600810.0,175555136.0
2016-11-10,159.65,162.55,160.89,158.68,3797989.0,186759508.0
2016-11-09,159.81,159.98,158.38,156.43,3653870.0,177206471.0
2016-11-08,153.26,161.48,159.85,152.68,5508512.0,268068466.0
2016-11-07,154.08,155.64,152.51,151.54,3154549.0,148574712.0
2016-11-04,156.13,157.08,152.81,151.24,2991703.0,141306284.0
2016-11-03,155.77,158.22,155.25,155.06,2592249.0,124366800.0
2016-11-02,160.3,160.3,156.46,155.84,3028685.0,146160236.0
2016-11-01,157.6,160.92,160.63,155.38,4320806.0,209620614.0
2016-10-31,156.43,160.11,157.47,155.38,2523925.0,122281935.0
2016-10-28,161.31,161.31,157.44,156.78,3316281.0,161451760.0
2016-10-27,160.08,161.9,159.98,156.29,3711110.0,181149496.0
2016-10-26,158.54,167.83,159.85,158.15,8554675.0,428305563.0
2016-10-25,149.19,163.43,160.53,148.64,9739464.0,466422050.0
2016-10-24,148.34,150.4,149.75,146.97,2557191.0,116259035.0
2016-10-21,151.57,151.57,147.89,146.65,2896806.0,132421740.0
2016-10-20,151.54,153.82,151.54,150.36,3118550.0,145391364.0
2016-10-19,148.18,152.78,152.51,145.61,7169307.0,329079321.0
2016-10-18,141.24,148.02,147.85,140.82,5470441.0,245767722.0
2016-10-17,140.03,143.42,141.27,139.74,2443715.0,106573217.0
2016-10-14,141.47,141.47,140.91,139.19,1333023.0,57295216.0
2016-10-13,141.53,142.25,141.47,139.09,2089851.0,90191632.0
2016-10-12,141.76,144.04,141.53,140.49,2743193.0,119941790.0
2016-10-11,140.33,143.26,141.79,140.2,2863015.0,124671878.0
2016-10-10,140.07,141.66,141.11,138.83,3151584.0,135946971.0
2016-09-30,132.12,141.44,139.64,132.12,3903107.0,166289247.0
2016-09-29,131.79,135.11,133.12,131.5,2226992.0,91473632.0
2016-09-28,133.52,133.52,131.72,131.33,728241.0,29517490.0
2016-09-27,130.32,132.83,132.25,130.32,1671887.0,67317873.0
2016-09-26,135.57,135.9,130.88,129.41,2751564.0,111886718.0
2016-09-23,137.46,138.11,136.71,136.51,1372857.0,57749758.0
2016-09-22,136.84,138.7,137.62,136.25,2550462.0,107852343.0
2016-09-21,135.31,136.42,136.06,135.21,1135531.0,47307687.0
2016-09-20,136.61,137.13,135.47,135.21,1116500.0,46461141.0
2016-09-19,134.33,137.1,136.55,134.26,1573484.0,65749690.0
2016-09-14,135.5,135.83,134.92,133.61,1542255.0,63885314.0
2016-09-13,133.61,136.48,136.22,132.31,2917496.0,120576450.0
2016-09-12,136.55,136.81,133.12,131.5,3997493.0,164745190.0
2016-09-09,141.63,141.7,139.35,139.19,1984789.0,85358039.0
2016-09-08,139.61,141.63,140.78,139.35,3265255.0,140890358.0
2016-09-07,139.81,140.69,139.64,137.91,4133663.0,176151425.0
2016-09-06,137.49,140.0,139.94,135.24,2891274.0,122749099.0
2016-09-05,136.78,137.91,136.87,135.7,2219012.0,93313490.0
2016-09-02,139.45,140.1,136.38,135.44,3872172.0,162826084.0
2016-09-01,142.35,142.67,139.77,139.48,2513369.0,108316212.0
2016-08-31,140.49,143.81,142.35,140.49,2582492.0,112761622.0
2016-08-30,140.29,141.47,140.49,139.97,1715860.0,73894484.0
2016-08-29,141.86,143.65,140.43,139.58,3998578.0,172379380.0
2016-08-26,143.39,143.91,142.51,142.09,1518104.0,66549695.0
2016-08-25,142.41,143.72,143.39,140.62,1946620.0,85125796.0
2016-08-24,144.5,144.69,143.19,142.02,2309069.0,101384487.0
2016-08-23,145.02,146.52,143.85,142.38,2623269.0,116231013.0
2016-08-22,146.65,148.64,145.93,144.63,2454063.0,110563374.0
2016-08-19,145.9,148.28,146.52,145.9,1987689.0,89757106.0
2016-08-18,148.31,149.71,146.97,146.49,3305700.0,149439057.0
2016-08-17,149.52,153.3,149.71,148.31,4068875.0,187929250.0
2016-08-16,150.27,152.25,148.08,146.65,4634081.0,212785522.0
2016-08-15,145.02,151.21,149.19,143.42,4440521.0,201889842.0
2016-08-12,143.46,145.31,144.53,141.3,2843985.0,124482849.0
2016-08-11,146.29,148.21,144.01,143.52,3634671.0,162952318.0
2016-08-10,144.73,148.41,146.29,144.73,3747558.0,168489345.0
2016-08-09,142.41,147.59,146.19,141.76,4623407.0,205937702.0
2016-08-08,138.47,143.88,143.59,136.87,4611051.0,199607188.0
2016-08-05,139.51,140.78,138.08,137.88,3255315.0,139265092.0
2016-08-04,139.9,140.46,140.1,137.59,3759214.0,160509340.0
2016-08-03,141.01,142.54,139.45,139.15,3024624.0,130303215.0
2016-08-02,138.53,141.53,141.11,137.52,3384187.0,144876665.0
2016-08-01,147.63,147.63,139.09,136.94,5571246.0,239644493.0
2016-07-29,152.94,152.94,148.34,148.34,3446133.0,159316930.0
2016-07-28,146.68,151.54,150.49,146.32,4595396.0,211245997.0
2016-07-27,154.11,154.11,147.63,144.04,6025342.0,274932231.0
2016-07-26,151.21,154.11,153.69,149.71,4489446.0,209489850.0
2016-07-25,147.63,151.21,151.11,147.63,3668197.0,169238043.0
2016-07-22,151.08,152.12,148.8,148.34,4604677.0,211776661.0
2016-07-21,151.11,153.17,150.95,150.07,5212958.0,243071877.0
2016-07-20,150.27,152.71,151.15,150.23,3927307.0,182380827.0
2016-07-19,157.04,157.4,150.3,148.96,9619473.0,447247317.0
2016-07-18,159.65,159.68,157.01,156.59,3722067.0,180241454.0
2016-07-15,160.99,162.26,159.94,157.83,4263663.0,208883896.0
2016-07-14,162.62,163.92,161.44,159.36,4767188.0,235942934.0
2016-07-13,166.46,166.56,162.59,159.49,7217127.0,357872891.0
2016-07-12,165.55,176.47,167.9,164.74,8701515.0,456041878.0
2016-07-11,158.02,173.89,167.83,156.59,9923610.0,503685008.0
2016-07-08,159.19,159.68,158.22,154.47,5507409.0,264926810.0
2016-07-07,163.92,165.42,160.34,159.68,6444732.0,319958045.0
2016-07-06,155.45,166.17,165.88,154.8,8724235.0,433724195.0
2016-07-05,155.12,157.57,155.55,153.82,6026271.0,287689937.0
2016-07-04,153.04,156.59,155.09,151.21,3971074.0,187814382.0
2016-07-01,156.65,156.65,153.88,153.2,2744926.0,130082655.0
2016-06-30,155.87,162.94,156.26,155.87,4291475.0,209283150.0
2016-06-29,156.75,157.01,155.87,154.5,2919387.0,139178869.0
2016-06-28,157.4,158.06,157.08,154.8,4014711.0,192269642.0
2016-06-27,152.51,160.99,159.0,152.51,4177547.0,203181340.0
2016-06-24,151.23,156.1,153.11,147.97,3451248.0,161808004.0
2016-06-23,156.5,157.89,152.56,150.41,3711164.0,175087997.0
2016-06-22,153.5,158.71,157.08,151.23,4725501.0,226247367.0
2016-06-21,155.46,156.72,153.18,151.72,3858716.0,182339689.0
2016-06-20,159.46,159.52,155.75,152.14,8197511.0,391122950.0
2016-06-17,161.18,167.16,161.7,159.81,3665961.0,183405426.0
2016-06-16,160.66,168.43,161.63,158.45,4763311.0,239272618.0
2016-06-15,155.78,163.59,161.7,155.13,5749217.0,282105935.0
2016-06-14,146.35,159.16,159.1,144.53,4962982.0,236882961.0
2016-06-13,145.6,152.07,147.29,143.36,3156834.0,144402942.0
2016-06-08,149.93,149.93,145.86,143.94,2881643.0,129622839.0
2016-06-07,149.11,152.85,149.5,147.62,3742970.0,173013138.0
2016-06-06,149.67,151.13,149.57,146.35,3190741.0,145290991.0
2016-06-03,140.75,154.97,151.23,140.66,7479449.0,344928746.0
2016-06-02,137.44,143.16,141.15,136.79,3682492.0,158686476.0
2016-06-01,139.36,141.47,137.44,136.79,3419388.0,146325561.0
2016-05-31,133.93,139.45,138.67,132.85,2839379.0,120414111.0
2016-05-30,132.53,134.93,134.06,131.06,2180111.0,89314381.0
2016-05-27,129.44,135.49,133.41,128.79,4266899.0,173921550.0
2016-05-26,127.84,129.79,128.98,125.37,1842541.0,72269779.0
2016-05-25,130.54,130.93,128.33,127.75,2087965.0,82906275.0
2016-05-24,134.48,134.48,129.34,128.56,2443466.0,98098407.0
2016-05-23,132.04,135.26,134.38,130.58,2766519.0,113308119.0
2016-05-20,130.74,134.97,133.28,129.18,2768957.0,113280457.0
2016-05-19,131.19,134.8,131.06,127.23,2712686.0,109987994.0
2016-05-18,136.98,137.73,132.2,127.36,3570716.0,145818145.0
2016-05-17,143.75,144.53,137.11,135.94,3231633.0,138108518.0
2016-05-16,138.87,142.77,142.77,133.34,4353017.0,187148345.0
2016-05-13,136.3,145.21,138.87,135.23,5274308.0,229419685.0
2016-05-12,134.45,140.3,138.12,128.49,4111174.0,171910781.0
2016-05-11,133.34,143.68,137.01,133.28,6576862.0,281553034.0
2016-05-10,129.76,135.94,133.18,127.16,7536809.0,303430208.0
2016-05-09,133.01,134.93,130.77,129.15,4564122.0,186506672.0
2016-05-06,137.24,138.84,133.01,130.41,4296248.0,177574928.0
2016-05-05,139.19,140.43,138.61,134.19,4461298.0,188478000.0
2016-05-04,139.19,146.35,137.89,136.95,6515201.0,283141440.0
2016-05-03,126.25,140.95,139.75,126.02,6459702.0,271865888.0
2016-04-29,125.53,130.71,128.14,124.82,3955550.0,156432928.0
2016-04-28,123.91,124.82,123.42,121.5,1856568.0,70020800.0
2016-04-27,124.56,125.05,123.36,120.33,2255578.0,85711976.0
2016-04-26,118.93,125.7,124.82,118.93,5997161.0,228565888.0
2016-04-25,116.43,120.66,119.62,115.78,2924503.0,106972632.0
2016-04-22,111.88,117.73,116.85,110.58,2595322.0,92843416.0
2016-04-21,113.18,115.84,112.53,112.2,2022548.0,71248520.0
2016-04-20,118.7,118.7,113.83,109.05,2098344.0,73434272.0
2016-04-19,117.86,118.06,117.53,112.79,2183154.0,77459728.0
2016-04-18,121.14,121.14,117.86,115.06,2591402.0,93544328.0
2016-04-15,122.09,123.91,121.28,120.4,1377033.0,51610944.0
2016-04-14,119.68,121.92,121.5,118.64,2789029.0,103261304.0
2016-04-13,118.74,122.15,118.54,118.31,2609112.0,96566312.0
2016-04-12,119.68,120.36,119.36,117.76,1506367.0,54910364.0
2016-04-11,121.28,123.45,120.59,118.35,2202415.0,81241672.0
2016-04-08,121.6,123.58,120.14,118.7,1529728.0,57017040.0
2016-04-07,124.69,127.91,122.22,121.96,3216519.0,122863848.0
2016-04-06,120.3,125.41,124.98,119.1,3593049.0,136126560.0
2016-04-05,117.5,120.56,120.33,117.08,2286474.0,83846240.0
2016-04-01,118.93,119.62,117.7,116.62,2656978.0,96682744.0
2016-03-31,118.35,120.2,120.07,117.08,3227356.0,117769328.0
2016-03-30,116.43,118.7,118.58,114.8,4053832.0,145955536.0
2016-03-29,120.33,120.98,116.1,112.27,4014271.0,144595776.0
2016-03-28,112.46,122.44,121.14,112.46,9074594.0,332419840.0
2016-03-25,108.33,115.09,112.14,108.3,5835940.0,203259344.0
2016-03-24,107.32,111.22,109.11,107.32,5083365.0,171460848.0
2016-03-23,108.95,110.77,108.43,107.0,4586865.0,152646368.0
2016-03-22,108.92,115.13,110.31,107.97,5149992.0,176737952.0
2016-03-21,108.3,108.95,108.92,106.74,5164566.0,171436832.0
2016-03-18,106.35,108.79,108.23,104.07,4617700.0,151314304.0
2016-03-17,105.5,107.32,106.83,104.17,1854507.0,60558100.0
2016-03-16,104.14,105.92,104.69,102.44,2155678.0,69254480.0
2016-03-15,105.37,105.92,104.1,101.99,2689638.0,85965560.0
2016-03-14,107.16,110.15,105.96,104.56,2893614.0,95442496.0
2016-03-11,106.67,108.92,106.02,103.42,1879042.0,60960968.0
2016-03-10,106.51,110.41,107.32,104.79,2872651.0,95617632.0
2016-03-09,104.1,107.22,106.02,102.87,1579998.0,51264748.0
2016-03-08,108.95,110.8,106.93,103.75,3703920.0,122231424.0
2016-03-07,104.07,111.81,108.95,104.07,5505106.0,184216400.0
2016-03-04,99.68,108.56,105.89,97.92,6389989.0,205095072.0
2016-03-03,101.18,109.6,100.95,100.82,8017814.0,258359968.0
2016-03-02,93.31,101.18,101.18,91.71,5911324.0,178898384.0
2016-03-01,90.67,93.24,91.97,87.58,2732804.0,76060664.0
2016-02-29,88.3,90.8,87.58,84.88,3304833.0,89725960.0
2016-02-26,87.42,90.87,89.4,87.42,2543085.0,69682376.0
2016-02-25,93.34,94.18,86.96,85.21,3768112.0,104508408.0
2016-02-24,92.56,94.15,93.44,92.04,2930630.0,83825992.0
2016-02-23,92.66,96.75,93.7,92.3,4837388.0,140396848.0
2016-02-22,88.92,93.86,93.66,88.92,4634839.0,129559928.0
2016-02-19,89.79,90.35,88.75,88.39,2271066.0,62245040.0
2016-02-18,90.57,90.9,90.09,89.37,3296079.0,91394968.0
2016-02-17,89.76,90.28,89.96,87.84,2813001.0,77111088.0
2016-02-16,87.22,90.41,90.05,87.22,3093593.0,84970616.0
2016-02-15,86.77,87.74,87.16,84.72,1450477.0,38685632.0
2016-02-05,92.0,92.0,89.4,89.27,1510398.0,42122700.0
2016-02-04,91.39,92.62,91.68,90.57,1800203.0,50646880.0
2016-02-03,90.38,91.13,90.8,88.69,1392295.0,38464912.0
2016-02-02,88.66,91.39,91.16,88.3,2313588.0,64367824.0
2016-02-01,88.72,90.41,88.69,86.7,2607030.0,71501376.0
2016-01-29,86.18,89.44,88.66,84.88,2607927.0,70446904.0
2016-01-28,90.41,91.06,85.86,85.17,2549404.0,69039448.0
2016-01-27,91.81,94.25,92.04,85.08,3081625.0,84350808.0
2016-01-26,93.01,97.53,93.5,89.63,4149776.0,121040576.0
2016-01-25,93.7,95.29,94.28,93.34,2108873.0,61239228.0
2016-01-22,93.96,95.19,92.98,91.06,1776322.0,50739420.0
2016-01-21,95.84,96.92,92.62,92.62,1627910.0,47531364.0
2016-01-20,95.29,97.47,96.23,94.51,2748550.0,81348936.0
2016-01-19,92.3,97.83,95.61,91.45,4213957.0,123306240.0
2016-01-18,92.17,95.26,92.36,89.44,2260855.0,64869892.0
2016-01-15,98.05,99.32,92.69,92.36,2451402.0,71784472.0
2016-01-14,94.35,99.22,99.19,92.72,3325523.0,98106680.0
2016-01-13,100.82,103.03,97.05,96.92,2546254.0,78080792.0
2016-01-12,102.48,104.14,100.0,99.61,2247931.0,70290552.0
2016-01-11,108.46,111.78,102.41,101.47,4191436.0,138208336.0
2016-01-08,108.95,112.14,109.92,107.65,3390167.0,114989456.0
2016-01-07,113.18,113.18,106.7,106.28,636040.0,21557940.0
2016-01-06,111.88,115.39,114.83,110.02,3898639.0,135120368.0
2016-01-05,104.79,113.34,110.83,104.1,5044323.0,170506768.0
2016-01-04,117.73,119.19,108.92,107.32,2856933.0,100489080.0
2015-12-31,117.57,120.59,118.7,117.57,4627378.0,169820720.0
